{"cameraPos":{"x":2350,"y":1670,"z":905},"cameraPosStage":[3153.4,3989.2,-1840.1],"cameraPosition":{"x":3153.4,"y":3989.2,"z":-1840.1},"homography":[[2.6588106296330865,-7.193257264311847,544.483077037993],[-0.22051320502955377,-3.500186622434921,-2075.666287752166],[-5.1595916794588586e-05,-0.002751829571202721,1.0]],"intrinsicSource":"fov-estimate","intrinsics":{"cx":960.0,"cy":540.0,"fx":1185.5,"fy":1185.5},"markersDetected":8,"markersMatched":2,"matchedIds":[1,5],"method":"solvePnP","ok":true,"rmsError":97.44}
