{"cameraPos":{"x":1730,"y":110,"z":2040},"cameraPosStage":[-3713.1,18524.2,-8643.6],"cameraPosition":{"x":-3713.1,"y":18524.2,"z":-8643.6},"homography":[[0.3311916789648166,-0.7001731233822795,-91.66349309583713],[0.23925829120768322,-2.438123426538136,2350.2726924589047],[6.351229067281614e-05,-0.0009496031662598202,1.0]],"intrinsicSource":"calibrated","intrinsics":{"cx":970.4,"cy":530.7,"fx":548.5,"fy":573.7},"markersDetected":6,"markersMatched":6,"matchedIds":[0,1,2,3,4,5],"method":"solvePnP","ok":true,"rmsError":607.99}
