{"cameraPos":{"x":940,"y":110,"z":2040},"cameraPosStage":[1913.6,8327.5,-2549.5],"cameraPosition":{"x":1913.6,"y":8327.5,"z":-2549.5},"homography":[[0.1261582414457859,-0.8039881273805972,814.0735266206285],[0.044299704953022795,-1.7149604754054983,2148.9287905020215],[5.462480922457702e-06,-0.0007775772368981006,1.0]],"intrinsicSource":"calibrated","intrinsics":{"cx":977.2,"cy":531.9,"fx":3151.5,"fy":2808.6},"markersDetected":6,"markersMatched":6,"matchedIds":[0,1,2,3,4,5],"method":"solvePnP","ok":true,"rmsError":320.89}
